0`Abdulrahman Shalaby`abdo`83675191658770`abdoshalaby@gmail.com`123 Nasr city - Cairo`01093129656
1`Mahmoud Nader`smtyon`46858107328940`msmtyon@hotmail.com`123456 Egypt`01012345678
2`Mohamed Ahmed`mohamedA`46858107328932`mohamedA@gmail.com`Cairo / Egypt`01012349877
3`Mohamed Hassan`mohassan.dev`46858107328940`mohassandev@gmail.com`Egypt 0193984`01598765443
4`Mohamed Abdelaal`mochi`46858107328956`mochi002@gmail.com`Japantown 12453`01298765432
5`Abdulrahman Hassan`abdoMO`46858107328964`abdomo@gmail.com`Cairo - Egypt - 108274`01198765431
6`Mohamed Hany`masterhany`46858107328956`hanymaster@gmail.com`Egypt 1018798`01298765432
7`Donia Wanees`DONIA239`46858107328964`donia123@gmail.com`Shubra 0191984 Egypt`01209876543
8`Abdulrahman Farouk`abdoFarouk`46858107328916`abdofarouk@gmail.com`Egypt 083772`01234567885
9`Hassan Shalaby`hassan`46858107328924`hassan2011@gmail.com`Nasr city - Egypt`01122592002
